{
  "train_loss": [
    1.1466365626261428,
    0.8824774643900201,
    0.7883307346841463,
    0.7527658052179139,
    0.7419417830245134,
    0.7346388664962213,
    0.732041486885535,
    0.7295995724719212,
    0.7288180366434394,
    0.7278085616896358,
    0.7271261824723544,
    0.7265833528832097,
    0.7262466162483674,
    0.725161668503608,
    0.7262385385407402,
    0.7264709787429572,
    0.7253114257254234,
    0.72519196389636,
    0.72510105316992,
    0.7245666559909414,
    0.723650361570925,
    0.7241564679960547,
    0.7237844184912057,
    0.7234307453277292,
    0.7239229548264113,
    0.7236170749542935,
    0.7229176036992925,
    0.722546222133598,
    0.7226855470896918,
    0.7222132226538235
  ],
  "val_loss": [
    1.1093578209299269,
    0.8681031599458825,
    0.7803830995737582,
    0.7490374206709524,
    0.738783514346176,
    0.7355000150365064,
    0.7313216667633397,
    0.7329940856427948,
    0.730019104484679,
    0.7284512284448258,
    0.7293807866550507,
    0.7289938176650346,
    0.7280440585847026,
    0.7288568331133457,
    0.7298311693710083,
    0.7280373147471426,
    0.726493003199934,
    0.727161648569425,
    0.7266572033741089,
    0.7257842766486917,
    0.725691910111184,
    0.7273851156825081,
    0.7292781767061183,
    0.7258298161400549,
    0.7269733244454204,
    0.7252757772749192,
    0.7268962315223759,
    0.7247479867762014,
    0.7246075674502831,
    0.7258578423266758
  ],
  "train_acc": [
    76.00431256738386,
    74.83359114986172,
    75.09023578493415,
    75.99962499414053,
    76.59260300942202,
    76.73440210003281,
    77.32152064876013,
    77.238316223691,
    76.9969062016594,
    77.11292363943187,
    77.20901889092016,
    77.04143814747106,
    77.0074532414569,
    76.98167158861857,
    76.9148736699011,
    76.9043266301036,
    76.54338349036703,
    77.04143814747106,
    77.02620353443022,
    77.43870997984344,
    77.65551024234753,
    77.31917686213848,
    77.27581680963766,
    77.72933952093001,
    77.5758214972109,
    77.53128955139924,
    77.5441803778184,
    77.05081329395772,
    77.34261472835513,
    77.91098298410913
  ],
  "val_acc": [
    80.48200726312315,
    73.93199075602509,
    74.61208319577418,
    76.67216903268405,
    74.48662925057775,
    77.86728293166061,
    76.42126114229119,
    76.18355893034004,
    75.65533179267085,
    76.35523275008254,
    75.9656652360515,
    77.06173654671508,
    76.7381974248927,
    77.14757345658633,
    76.2693958402113,
    76.67877187190491,
    75.82040277319247,
    75.54308352591615,
    77.6625949158138,
    76.81743149554309,
    77.27302740178277,
    78.19742489270386,
    76.83724001320567,
    78.2304390888082,
    77.78144602178936,
    75.29217563552328,
    77.28623308022449,
    75.5893034004622,
    76.50709805216242,
    77.80785737867284
  ],
  "val_sample_acc": [
    85.52631578947368,
    73.68421052631578,
    73.68421052631578,
    80.26315789473685,
    73.68421052631578,
    94.73684210526315,
    81.57894736842105,
    89.47368421052632,
    81.57894736842105,
    88.1578947368421,
    88.1578947368421,
    92.10526315789474,
    90.78947368421053,
    89.47368421052632,
    89.47368421052632,
    90.78947368421053,
    81.57894736842105,
    73.68421052631578,
    93.42105263157895,
    89.47368421052632,
    90.78947368421053,
    94.73684210526315,
    90.78947368421053,
    94.73684210526315,
    90.78947368421053,
    75.0,
    80.26315789473685,
    73.68421052631578,
    75.0,
    90.78947368421053
  ]
}